"id","name","email","birthday"
0,"deneme deneme","cmerrikin1@xing.com","2012-08-28"
0,"deneme deneme","asysonx@nydailynews.com","1934-07-27"
1,"deneme deneme","mshatford16@biglobe.ne.jp","1921-04-10"
2,"deneme deneme","tgrasner15@example.com","1918-01-05"
2,"deneme deneme","aheatheringtont@yandex.ru","1908-09-07"
4,"Jenifer Tuckwell","jtuckwellv@cnn.com","1944-01-29"
5,"Reena Press","rpress10@addtoany.com","1954-05-24"
6,"Kirstin Rogliero","kroglierod@arstechnica.com","1935-01-14"
9,"Brooks Pallatina","bpallatina19@google.co.uk",NULL
16,"Guillema Jorg","gjorg14@wired.com","1980-03-17"
20,"Annetta Lintin","alintin3@google.ca","1979-02-25"
25,"Monah McCormack","mmccormacka@businessweek.com",NULL
32,"deneme deneme","phellings@economist.com","2014-01-26"
32,"deneme deneme","hrodman2@jimdo.com",NULL
43,"Nettie Reast","nreasto@ehow.com","2012-04-02"
69,"Barnaby Dafter","bdafter7@about.me","2002-08-21"
74,"Cyril Featherby","cfeatherby12@cdc.gov","1981-03-11"
99,"Hillel Leveridge","hleveridge18@hugedomains.com","1903-12-21"
110,"Amelina Titley","atitley1d@prnewswire.com","1914-06-16"
419,"Martie Rutley","mrutleyz@cbsnews.com","2022-02-07"
453,"Virgilio Leigh","vleigh9@4shared.com","1970-07-19"
592,"Barrie Woolliams","bwoolliams1c@huffingtonpost.com","1996-02-19"
609,"Billie Hannaby","bhannabyy@gizmodo.com","1952-12-18"
739,"Conrade Turbern","cturbernf@irs.gov","1928-03-06"
796,"Lissy Laible","llaible5@jigsy.com","1907-02-23"
823,"Fawne Lapere","flapere0@ovh.net","1993-07-28"
1509,"Jo Frosch","jfroschc@chicagotribune.com","1901-08-05"
3246,"Candie Fishly","cfishly17@simplemachines.org",NULL
5318,"Raven De Lorenzo","rdeb@engadget.com","2001-08-28"
5840,"Kaja Broz","kbrozq@bloglovin.com","1978-02-24"
7156,"Barrett Schwerin","bschwerink@berkeley.edu","1966-09-18"
8995,"Otes Pawellek","opawellekh@slate.com","2016-06-09"
9711,"Bunnie Plaskitt","bplaskitt1a@phoca.cz","1998-04-29"
11082,"Westbrook Gostall","wgostallg@dagondesign.com","1992-07-03"
16069,"Melamie Jone","mjonel@blogspot.com",NULL
20701,"Dud Chinge","dchinge11@psu.edu","1943-01-11"
40429,"Tiphani Skule","tskulew@cbsnews.com","1903-03-02"
42780,"Hillary Pandie","hpandieu@cafepress.com","1997-02-11"
49396,"Eadith McDaid","emcdaide@tuttocitta.it","2022-03-26"
52439,"Charity Francesconi","cfrancesconi4@dot.gov","1996-04-17"
62688,"Jen Latch","jlatchm@huffingtonpost.com","1925-08-12"
73272,"Tiebout Barnhill","tbarnhillp@uiuc.edu","1940-03-01"
75127,"Morey Donati","mdonatir@acquirethisname.com","1982-04-09"
77502,"Nickolaus Arrighi","narrighi13@jalbum.net","2001-03-06"
